Workbook

Sheet 總覽
A1: 安幸有限公司 ・ 老闆版損益
A2: 115 年 8 月 ・ 單位:新台幣元 ・ 內部文件 ・ 全表連動「老闆總表」
B4: 實際營收 | E4: 實際成本 | H4: 實際損益 | K4: 利潤率 | N4: Jim 實拿
B5: =老闆總表!D13 -> 9733398.2 | E5: =老闆總表!J13 -> 8149017 | H5: =老闆總表!K13 -> 1584381.2 | K5: =老闆總表!L13 -> 0.16277781 | N5: =Jim個人!D13 -> 865617.26
B8: — 圖表 ・ 各案子表現
B27: — 洞察 ・ 三行看懂本月
B28: ① 正隆一根柱子:貢獻 80.2% 的實際營收與 80.6% 的損益——集中度既是引擎,也是第一風險。
B30: ② 三個負數:安幸辦公室 −125,603(薪資中樞屬性:441,374 薪資全列此、內部僅回收 178,000,屬結構性,非經營惡化)、JPR −17,508、復興 −8,533(本月零營收)。
B32: ③ Jim 實拿 865,617,佔全案損益 54.6%;其中正隆一案就佔 Jim 實拿的 73.8%——正隆的月租攻堅,直接攻的是你的口袋。
B35: — 圖表 ・ 各案子利潤率
B52: ESTIA 樣式 ・ 安幸內部文件 ・ 圖表與 KPI 全數連動,改藍字自動更新

Sheet 老闆總表
A1: 安幸 ・ 各案子實際損益
A2: 115 年 8 月 ・ 單位:新台幣元 ・ 公司報表 + 老闆版調整 ・ 藍字可改、其餘公式連動
A3: 案子 | B3: 報表營業收入 | C3: 營收調整 | D3: 實際營業收入 | E3: 報表營運費用 | F3: 成本調整 | G3: 加:付房東租金 | H3: 加:付安幸辦公室 | I3: 加:薪資獎金 | J3: 實際總成本 | K3: 實際損益 | L3: 利潤率 | M3: 本月調整說明
A4: 正隆 | B4: =SUMIFS(報表數據!B:B,報表數據!A:A,A4) -> 7803072 | C4: =SUMIFS(調整明細!D:D,調整明細!A:A,A4,調整明細!B:B,"營收調整") -> 0 | D4: =B4+C4 -> 7803072 | E4: =SUMIFS(報表數據!C:C,報表數據!A:A,A4) -> 6526236 | F4: =SUMIFS(調整明細!D:D,調整明細!A:A,A4,調整明細!B:B,"成本調整") -> 0 | G4: =SUMIFS(調整明細!D:D,調整明細!A:A,A4,調整明細!B:B,"房東租金") -> 0 | H4: =SUMIFS(調整明細!D:D,調整明細!A:A,A4,調整明細!B:B,"付安幸辦公室") -> 0 | I4: =SUMIFS(調整明細!D:D,調整明細!A:A,A4,調整明細!B:B,"薪資") -> 0 | J4: =E4+F4+G4+H4+I4 -> 6526236 | K4: =D4-J4 -> 1276836 | L4: =IF(D4=0,"",K4/D4) -> 0.16363248 | M4: 無調整
A5: 時兆 | B5: =SUMIFS(報表數據!B:B,報表數據!A:A,A5) -> 815616 | C5: =SUMIFS(調整明細!D:D,調整明細!A:A,A5,調整明細!B:B,"營收調整") -> 0 | D5: =B5+C5 -> 815616 | E5: =SUMIFS(報表數據!C:C,報表數據!A:A,A5) -> 455194 | F5: =SUMIFS(調整明細!D:D,調整明細!A:A,A5,調整明細!B:B,"成本調整") -> 0 | G5: =SUMIFS(調整明細!D:D,調整明細!A:A,A5,調整明細!B:B,"房東租金") -> 0 | H5: =SUMIFS(調整明細!D:D,調整明細!A:A,A5,調整明細!B:B,"付安幸辦公室") -> 90000 | I5: =SUMIFS(調整明細!D:D,調整明細!A:A,A5,調整明細!B:B,"薪資") -> 0 | J5: =E5+F5+G5+H5+I5 -> 545194 | K5: =D5-J5 -> 270422 | L5: =IF(D5=0,"",K5/D5) -> 0.33155554 | M5: 加 每月付安幸辦公室薪資 90,000
A6: 開封 | B6: =SUMIFS(報表數據!B:B,報表數據!A:A,A6) -> 282930 | C6: =SUMIFS(調整明細!D:D,調整明細!A:A,A6,調整明細!B:B,"營收調整") -> 0 | D6: =B6+C6 -> 282930 | E6: =SUMIFS(報表數據!C:C,報表數據!A:A,A6) -> 174391 | F6: =SUMIFS(調整明細!D:D,調整明細!A:A,A6,調整明細!B:B,"成本調整") -> 0 | G6: =SUMIFS(調整明細!D:D,調整明細!A:A,A6,調整明細!B:B,"房東租金") -> 0 | H6: =SUMIFS(調整明細!D:D,調整明細!A:A,A6,調整明細!B:B,"付安幸辦公室") -> 48000 | I6: =SUMIFS(調整明細!D:D,調整明細!A:A,A6,調整明細!B:B,"薪資") -> 0 | J6: =E6+F6+G6+H6+I6 -> 222391 | K6: =D6-J6 -> 60539 | L6: =IF(D6=0,"",K6/D6) -> 0.21397165 | M6: 加 每月付安幸辦公室人事費 48,000
A7: 南京 | B7: =SUMIFS(報表數據!B:B,報表數據!A:A,A7) -> 214216 | C7: =SUMIFS(調整明細!D:D,調整明細!A:A,A7,調整明細!B:B,"營收調整") -> 0 | D7: =B7+C7 -> 214216 | E7: =SUMIFS(報表數據!C:C,報表數據!A:A,A7) -> 92961 | F7: =SUMIFS(調整明細!D:D,調整明細!A:A,A7,調整明細!B:B,"成本調整") -> 0 | G7: =SUMIFS(調整明細!D:D,調整明細!A:A,A7,調整明細!B:B,"房東租金") -> 25000 | H7: =SUMIFS(調整明細!D:D,調整明細!A:A,A7,調整明細!B:B,"付安幸辦公室") -> 0 | I7: =SUMIFS(調整明細!D:D,調整明細!A:A,A7,調整明細!B:B,"薪資") -> 0 | J7: =E7+F7+G7+H7+I7 -> 117961 | K7: =D7-J7 -> 96255 | L7: =IF(D7=0,"",K7/D7) -> 0.44933618 | M7: 加 南京5 房東租金 25,000
A8: JPR | B8: =SUMIFS(報表數據!B:B,報表數據!A:A,A8) -> 81777 | C8: =SUMIFS(調整明細!D:D,調整明細!A:A,A8,調整明細!B:B,"營收調整") -> 0 | D8: =B8+C8 -> 81777 | E8: =SUMIFS(報表數據!C:C,報表數據!A:A,A8) -> 17285 | F8: =SUMIFS(調整明細!D:D,調整明細!A:A,A8,調整明細!B:B,"成本調整") -> 0 | G8: =SUMIFS(調整明細!D:D,調整明細!A:A,A8,調整明細!B:B,"房東租金") -> 42000 | H8: =SUMIFS(調整明細!D:D,調整明細!A:A,A8,調整明細!B:B,"付安幸辦公室") -> 40000 | I8: =SUMIFS(調整明細!D:D,調整明細!A:A,A8,調整明細!B:B,"薪資") -> 0 | J8: =E8+F8+G8+H8+I8 -> 99285 | K8: =D8-J8 -> -17508 | L8: =IF(D8=0,"",K8/D8) -> -0.21409443 | M8: 加 房東租金 42,000 + 每月付安幸辦公室 40,000
A9: 台視 | B9: =SUMIFS(報表數據!B:B,報表數據!A:A,A9) -> 68554 | C9: =SUMIFS(調整明細!D:D,調整明細!A:A,A9,調整明細!B:B,"營收調整") -> 0 | D9: =B9+C9 -> 68554 | E9: =SUMIFS(報表數據!C:C,報表數據!A:A,A9) -> 9104 | F9: =SUMIFS(調整明細!D:D,調整明細!A:A,A9,調整明細!B:B,"成本調整") -> 0 | G9: =SUMIFS(調整明細!D:D,調整明細!A:A,A9,調整明細!B:B,"房東租金") -> 30000 | H9: =SUMIFS(調整明細!D:D,調整明細!A:A,A9,調整明細!B:B,"付安幸辦公室") -> 0 | I9: =SUMIFS(調整明細!D:D,調整明細!A:A,A9,調整明細!B:B,"薪資") -> 0 | J9: =E9+F9+G9+H9+I9 -> 39104 | K9: =D9-J9 -> 29450 | L9: =IF(D9=0,"",K9/D9) -> 0.42958835 | M9: 加 房東租金 30,000
A10: 亞曼尼 | B10: =SUMIFS(報表數據!B:B,報表數據!A:A,A10) -> 5744 | C10: =SUMIFS(調整明細!D:D,調整明細!A:A,A10,調整明細!B:B,"營收調整") -> -3220.8 | D10: =B10+C10 -> 2523.2 | E10: =SUMIFS(報表數據!C:C,報表數據!A:A,A10) -> 2820.28 | F10: =SUMIFS(調整明細!D:D,調整明細!A:A,A10,調整明細!B:B,"成本調整") -> -2820.28 | G10: =SUMIFS(調整明細!D:D,調整明細!A:A,A10,調整明細!B:B,"房東租金") -> 0 | H10: =SUMIFS(調整明細!D:D,調整明細!A:A,A10,調整明細!B:B,"付安幸辦公室") -> 0 | I10: =SUMIFS(調整明細!D:D,調整明細!A:A,A10,調整明細!B:B,"薪資") -> 0 | J10: =E10+F10+G10+H10+I10 -> 0 | K10: =D10-J10 -> 2523.2 | L10: =IF(D10=0,"",K10/D10) -> 1 | M10: Jim 只收營業額 30%(1,723)+房東付的清潔費 800;報表費用 2,820 全部不歸 Jim
A11: 復興 | B11: =SUMIFS(報表數據!B:B,報表數據!A:A,A11) -> 0 | C11: =SUMIFS(調整明細!D:D,調整明細!A:A,A11,調整明細!B:B,"營收調整") -> 0 | D11: =B11+C11 -> 0 | E11: =SUMIFS(報表數據!C:C,報表數據!A:A,A11) -> 8533 | F11: =SUMIFS(調整明細!D:D,調整明細!A:A,A11,調整明細!B:B,"成本調整") -> 0 | G11: =SUMIFS(調整明細!D:D,調整明細!A:A,A11,調整明細!B:B,"房東租金") -> 0 | H11: =SUMIFS(調整明細!D:D,調整明細!A:A,A11,調整明細!B:B,"付安幸辦公室") -> 0 | I11: =SUMIFS(調整明細!D:D,調整明細!A:A,A11,調整明細!B:B,"薪資") -> 0 | J11: =E11+F11+G11+H11+I11 -> 8533 | K11: =D11-J11 -> -8533 | L11: =IF(D11=0,"",K11/D11) | M11: 無調整(本月無營收)
A12: 安幸辦公室 | B12: =SUMIFS(報表數據!B:B,報表數據!A:A,A12) -> 287510 | C12: =SUMIFS(調整明細!D:D,調整明細!A:A,A12,調整明細!B:B,"營收調整") -> 177200 | D12: =B12+C12 -> 464710 | E12: =SUMIFS(報表數據!C:C,報表數據!A:A,A12) -> 148939 | F12: =SUMIFS(調整明細!D:D,調整明細!A:A,A12,調整明細!B:B,"成本調整") -> 0 | G12: =SUMIFS(調整明細!D:D,調整明細!A:A,A12,調整明細!B:B,"房東租金") -> 0 | H12: =SUMIFS(調整明細!D:D,調整明細!A:A,A12,調整明細!B:B,"付安幸辦公室") -> 0 | I12: =SUMIFS(調整明細!D:D,調整明細!A:A,A12,調整明細!B:B,"薪資") -> 441374 | J12: =E12+F12+G12+H12+I12 -> 590313 | K12: =D12-J12 -> -125603 | L12: =IF(D12=0,"",K12/D12) -> -0.27028254 | M12: 加 內部收入 178,000(JPR 40,000+開封 48,000+時兆 90,000);亞曼尼清潔費 800 移至亞曼尼;加 8 月薪資 421,874+獎金 19,500
A13: 合計 | B13: =SUM(B4:B12) -> 9559419 | C13: =SUM(C4:C12) -> 173979.2 | D13: =SUM(D4:D12) -> 9733398.2 | E13: =SUM(E4:E12) -> 7435463.3 | F13: =SUM(F4:F12) -> -2820.28 | G13: =SUM(G4:G12) -> 97000 | H13: =SUM(H4:H12) -> 178000 | I13: =SUM(I4:I12) -> 441374 | ... K13: =SUM(K4:K12) -> 1584381.2 | L13: =IF(D13=0,"",K13/D13) -> 0.16277781 | M13: 內部往來(各案子付安幸辦公室的清潔/人事/管理費)在合計中自動抵銷

Sheet Jim個人
A1: Jim 個人實拿
A2: 115 年 8 月 ・ 依持股比例 ・ 持股(藍字)可改,其餘公式連動
A3: 案子 | B3: 實際損益(案子全額) | C3: Jim 持股 | D3: Jim 實拿 | E3: 其他股東分得 | F3: 備註
A4: 正隆 | B4: =老闆總表!K4 -> 1276836 | C4: 0.5 | D4: =B4*C4 -> 638418 | E4: =B4-D4 -> 638418 | F4: 50%
A5: 時兆 | B5: =老闆總表!K5 -> 270422 | C5: 1 | D5: =B5*C5 -> 270422 | E5: =B5-D5 -> 0 | F5: 100%
A6: 開封 | B6: =老闆總表!K6 -> 60539 | C6: 0.54 | D6: =B6*C6 -> 32691.06 | E6: =B6-D6 -> 27847.94 | F6: 54%
A7: 南京 | B7: =老闆總表!K7 -> 96255 | C7: 0.33333333 | D7: =B7*C7 -> 32085 | E7: =B7-D7 -> 64170 | F7: 1/3(JPR+南京合併算 1/3)
A8: JPR | B8: =老闆總表!K8 -> -17508 | C8: 0.33333333 | D8: =B8*C8 -> -5836 | E8: =B8-D8 -> -11672 | F8: 1/3(JPR+南京合併算 1/3)
A9: 台視 | B9: =老闆總表!K9 -> 29450 | C9: 1 | D9: =B9*C9 -> 29450 | E9: =B9-D9 -> 0 | F9: 100%
A10: 亞曼尼 | B10: =老闆總表!K10 -> 2523.2 | C10: 1 | D10: =B10*C10 -> 2523.2 | E10: =B10-D10 -> 0 | F10: 100%;收入=營業額 30%+房東付的清潔費,無成本
A11: 復興 | B11: =老闆總表!K11 -> -8533 | C11: 1 | D11: =B11*C11 -> -8533 | E11: =B11-D11 -> 0 | F11: 100%
A12: 安幸辦公室 | B12: =老闆總表!K12 -> -125603 | C12: 1 | D12: =B12*C12 -> -125603 | E12: =B12-D12 -> 0 | F12: 100%;含 JPR/開封/時兆 每月付的內部收入
A13: 合計 | B13: =SUM(B4:B12) -> 1584381.2 | C13: =IF(B13=0,"",D13/B13) -> 0.54634406 | D13: =SUM(D4:D12) -> 865617.26 | E13: =SUM(E4:E12) -> 718763.94 | F13: 合計持股欄=Jim 實拿 ÷ 全部案子損益

Sheet 報表數據
A1: 報表原始數據
A2: 115 年 8 月 ・ 藍字=自公司報表手填 ・ 改這裡,總表自動重算
A3: 案子 | B3: 報表營業收入 | C3: 報表營運費用 | D3: 報表營運損益 | E3: 來源檔案 / 備註
A4: 正隆 | B4: 7803072 | C4: 6526236 | D4: =B4-C4 -> 1276836 | E4: 正隆_收支報表_115年8月_FINAL_v4「收支總表」;保證金 200,000 屬融資往來,不計入
A5: 時兆 | B5: 815616 | C5: 455194 | D5: =B5-C5 -> 360422 | E5: 各物業_收支報表_115年8月_v4「收支總覽」
A6: 開封 | B6: 282930 | C6: 174391 | D6: =B6-C6 -> 108539 | E6: 各物業_收支報表_115年8月_v4「收支總覽」
A7: 南京 | B7: 214216 | C7: 92961 | D7: =B7-C7 -> 121255 | E7: 各物業_收支報表「收支總覽」;其中南京5營收 99,000
A8: JPR | B8: 81777 | C8: 17285 | D8: =B8-C8 -> 64492 | E8: 各物業_收支報表「收支總覽」
A9: 台視 | B9: 68554 | C9: 9104 | D9: =B9-C9 -> 59450 | E9: 各物業_收支報表「收支總覽」
A10: 亞曼尼 | B10: 5744 | C10: 2820.28 | D10: =B10-C10 -> 2923.72 | E10: 各物業_收支報表「收支總覽」;5,744 為亞曼尼總營業額
A11: 復興 | B11: 0 | C11: 8533 | D11: =B11-C11 -> -8533 | E11: 各物業_收支報表「收支總覽」;本月無營收
A12: 安幸辦公室 | B12: 287510 | C12: 148939 | D12: =B12-C12 -> 138571 | E12: 各物業_收支報表「收支總覽」;營收 287,510 皆為向各案子收取之房務清潔費 87,510 + 正隆房務人事費 200,000(內部往來)
A13: 合計 | B13: =SUM(B4:B12) -> 9559419 | C13: =SUM(C4:C12) -> 7435463.3 | D13: =SUM(D4:D12) -> 2123955.7

Sheet 調整明細
A1: 老闆版調整項目
A2: 公司報表未列、只出現在本表的項目 ・ 藍字可改,總表自動重算
A3: 案子 | B3: 調整類型 | C3: 項目 | D3: 金額 | E3: 計算方式 / 備註
A4: JPR | B4: 房東租金 | C4: JPR 月租(付房東) | D4: 42000 | E4: 固定月租,依 Jim 提供
A5: 南京 | B5: 房東租金 | C5: 南京5 月租(付房東) | D5: 25000 | E5: 固定月租,依 Jim 提供;南京5 本月營收 99,000
A6: 台視 | B6: 房東租金 | C6: 台視 月租(付房東) | D6: 30000 | E6: 固定月租,依 Jim 提供
A7: JPR | B7: 付安幸辦公室 | C7: JPR 每月付安幸辦公室管理費 | D7: 40000 | E7: 固定每月 40,000;對應安幸辦公室內部收入
A8: 開封 | B8: 付安幸辦公室 | C8: 開封 每月付安幸辦公室人事費 | D8: 48000 | E8: 固定每月 48,000;公司報表已刪除的開封房務人事費 48,000 於此加回
A9: 時兆 | B9: 付安幸辦公室 | C9: 時兆 每月付安幸辦公室薪資 | D9: 90000 | E9: 固定每月 90,000;對應安幸辦公室內部收入
A10: 安幸辦公室 | B10: 營收調整 | C10: 內部收入:JPR 管理費 | D10: 40000 | E10: 對應:JPR 付安幸辦公室
A11: 安幸辦公室 | B11: 營收調整 | C11: 內部收入:開封 人事費 | D11: 48000 | E11: 對應:開封 付安幸辦公室
A12: 安幸辦公室 | B12: 營收調整 | C12: 內部收入:時兆 薪資 | D12: 90000 | E12: 對應:時兆 付安幸辦公室
A13: 亞曼尼 | B13: 營收調整 | C13: 亞曼尼營業額 70% 歸屋主(安幸只抽 30%) | D13: -4020.8 | E13: 安幸管理費收入 = 5,744 × 30% = 1,723;其餘 70% 不屬安幸營收,故以負數調整營收
A14: 亞曼尼 | B14: 營收調整 | C14: 亞曼尼 清潔費收入(房東付給 Jim) | D14: 800 | E14: 8/17 房務清潔 800,公司報表原列在安幸辦公室收入,移到亞曼尼案子;由下一列自安幸辦公室扣除
A15: 安幸辦公室 | B15: 營收調整 | C15: 亞曼尼清潔費收入移至亞曼尼案子 | D15: -800 | E15: 避免重複計算
... A18: 安幸辦公室 | B18: 薪資 | C18: 8 月獎金(4 人) | D18: 19500 | E18: 來源:安幸有限公司獎金.xls(9/16 撥款,屬 8 月獎金)

Sheet 薪資明細
A1: 8 月薪資與獎金明細
A2: 僅供老闆參考 ・ 機密,勿外流
A3: ⚠ 本頁含個人薪資資料,僅限 Jim 檢視
A4: 類別 | B4: 撥款日 | C4: 員工姓名 | D4: 金額
A5: 薪資 | B5: 2026-09-11 | C5: 簡靜惠 | D5: 63055
A6: 薪資 | B6: 2026-09-11 | C6: 謝邵瑛 | D6: 42375
A7: 薪資 | B7: 2026-09-11 | C7: 張瓊月 | D7: 30762
A8: 薪資 | B8: 2026-09-11 | C8: 羅大偉 | D8: 62191
A9: 薪資 | B9: 2026-09-11 | C9: 王芊茹 | D9: 48453
A10: 薪資 | B10: 2026-09-11 | C10: 張家綺 | D10: 40440
A11: 薪資 | B11: 2026-09-11 | C11: 周庭玉 | D11: 40375
A12: 薪資 | B12: 2026-09-11 | C12: 唐筑萱 | D12: 40515
A13: 薪資 | B13: 2026-09-11 | C13: 游佳穎 | D13: 53708
A14: 薪資小計 | D14: =SUM(D5:D13) -> 421874
A15: 獎金 | B15: 2026-09-16 | C15: 張家綺 | D15: 4000
A16: 獎金 | B16: 2026-09-16 | C16: 謝邵瑛 | D16: 2000
A17: 獎金 | B17: 2026-09-16 | C17: 周庭玉 | D17: 6500
A18: 獎金 | B18: 2026-09-16 | C18: 張瓊月 | D18: 7000
A19: 獎金小計 | D19: =SUM(D15:D18) -> 19500
A20: 薪資+獎金合計 | D20: =D14+D19 -> 441374

Sheet 說明
A1: 參數與說明
A2: 本表邏輯 ・ 讀完再改數字
A3: 參數
B4: 亞曼尼 安幸管理費抽成比例 = 30%(調整明細內以金額呈現)
A6: 說明
A7: 1. | B7: 本表為老闆內部版:在公司報表(正隆+各物業)基礎上,加入公司報表未列的三類項目——付房東的租金、8 月薪資獎金、亞曼尼營收調整。
A8: 2. | B8: 公司報表數字放「報表數據」(藍字),調整項目放「調整明細」(藍字);「老闆總表」以 SUMIFS 連動,改藍字即自動重算。「總覽」的圖表與 KPI 全部連動總表。
A9: 3. | B9: 薪資與獎金(合計 441,374)全數列在「安幸辦公室」下。各案子每月固定付安幸辦公室:JPR 40,000、開封 48,000、時兆 90,000——列為該案子成本、安幸辦公室內部收入,合計自動抵銷。
A10: 4. | B10: 正隆報表內已有「薪資勞務」366,600(含 6B2 仲介費 165,000、8/31 薪資 200,000、魏伊漪 1,600),其中 200,000 對應安幸辦公室「正隆房務人事費」收入,屬內部往來,本表未重複扣除。
A11: 5. | B11: 安幸辦公室營收 287,510 全部是向各案子收取的房務清潔/人事費(內部往來)——單看該案時,它的收入不是外部收入。
A12: 6. | B12: 亞曼尼:Jim 只收營業額 30% 管理費(1,723)與房東付的清潔費(800);報表上費用 2,820 全部不歸 Jim,已自成本扣除。清潔費 800 自安幸辦公室移列亞曼尼,合計不變。
A13: 7. | B13: 正隆裝潢保證金 200,000 屬押金性質(融資往來),不計入營運損益。
A14: 8. | B14: 各物業報表附註之 8/5 獎金 90,000 已自公司報表刪除;本表以薪轉戶與獎金檔實際撥款為準,未再加回。
A15: 9. | B15: Jim 持股:正隆 50%、開封 54%、JPR 與南京各 1/3,其餘 100%——可在「Jim個人」藍字欄修改。
